{
    "version": 1,
    "camera": {
        "ang_degrees": 35,
        "vang_degrees": -15,
        "zoom": -0.1,
        "height": 4.0,
        "rotate_limit_degrees_min": -15,
        "rotate_limit_degrees_max": 15,
        "rotate_speed": -5
    },
    "limbs": [
		{
            "x": 2.0,
            "y": -0.2992360720519809,
            "z": -3.6859772496911926,
            "pitch": 0.19634954084936208,
            "roll": 0.0,
            "yaw": 0.0,
            "focalx": 0.75,
            "focaly": 0.0,
            "focalz": 0.0,
            "sprite": 1409,
            "scalex": 1.0,
            "scaley": 1.0,
            "scalez": 1.0
        },
        {
            "x": 0.0,
            "y": -0.2992360720519809,
            "z": -3.6859772496911926,
            "pitch": -1.0500000156462193,
            "roll": 0.0,
            "yaw": 0.0,
            "focalx": -1.5,
            "focaly": 0.0,
            "focalz": 0.25,
            "sprite": 1408,
            "scalex": 1.0,
            "scaley": 1.0,
            "scalez": 1.0
        },
        {
            "x": 0.2168558083447804,
            "y": 0.45076392794802,
            "z": -3.285409824656851,
            "pitch": -1.0500000156462193,
            "roll": 0.6000000089406967,
            "yaw": 0.0,
            "focalx": -0.25,
            "focaly": -2.25,
            "focalz": -0.5,
            "sprite": 1410,
            "scalex": 1.0,
            "scaley": 1.0,
            "scalez": 1.0
        },
        {
            "x": 0.2168558083447804,
            "y": -1.0492360720519809,
            "z": -3.285409824656851,
            "pitch": -1.0500000156462193,
            "roll": -0.6000000089406967,
            "yaw": 0.0,
            "focalx": -0.25,
            "focaly": 2.25,
            "focalz": -0.5,
            "sprite": 1411,
            "scalex": 1.0,
            "scaley": 1.0,
            "scalez": 1.0
        }
    ]
}